<?xml version="1.0" encoding="utf-8" ?>
<dwsync>
<file name="logos.png" server="gator2018.hostgator.com//public_html/fabiansistemas/" local="131606301620000000" remote="131758656000000000" Dst="0" />
<file name="portfolio-10-300x400.jpg" server="gator2018.hostgator.com//public_html/fabiansistemas/" local="131603409100000000" remote="131758656000000000" Dst="0" />
<file name="portfolio-1-600x400.jpg" server="gator2018.hostgator.com//public_html/fabiansistemas/" local="131602905900000000" remote="131758656000000000" Dst="0" />
<file name="portfolio-11-300x400.jpg" server="gator2018.hostgator.com//public_html/fabiansistemas/" local="131603408880000000" remote="131758656000000000" Dst="0" />
<file name="portfolio-12-600x400.jpg" server="gator2018.hostgator.com//public_html/fabiansistemas/" local="131602905900000000" remote="131758656000000000" Dst="0" />
<file name="portfolio-14-400x400.jpg" server="gator2018.hostgator.com//public_html/fabiansistemas/" local="131603748840000000" remote="131758656000000000" Dst="0" />
<file name="portfolio-13-400x400.jpg" server="gator2018.hostgator.com//public_html/fabiansistemas/" local="131603748580000000" remote="131758656000000000" Dst="0" />
<file name="portfolio-16-400x400.jpg" server="gator2018.hostgator.com//public_html/fabiansistemas/" local="131603749400000000" remote="131758656000000000" Dst="0" />
<file name="portfolio-15-400x400.jpg" server="gator2018.hostgator.com//public_html/fabiansistemas/" local="131603749080000000" remote="131758656000000000" Dst="0" />
<file name="portfolio-17-400x400.jpg" server="gator2018.hostgator.com//public_html/fabiansistemas/" local="131603749680000000" remote="131758656000000000" Dst="0" />
<file name="portfolio-2-600x400.jpg" server="gator2018.hostgator.com//public_html/fabiansistemas/" local="131602906440000000" remote="131758656000000000" Dst="0" />
<file name="portfolio-19-400x400.jpg" server="gator2018.hostgator.com//public_html/fabiansistemas/" local="131603751700000000" remote="131758656000000000" Dst="0" />
<file name="portfolio-18-400x400.jpg" server="gator2018.hostgator.com//public_html/fabiansistemas/" local="131603751480000000" remote="131758656000000000" Dst="0" />
<file name="portfolio-3-600x400.jpg" server="gator2018.hostgator.com//public_html/fabiansistemas/" local="131602906800000000" remote="131758656000000000" Dst="0" />
<file name="portfolio-4-600x400.jpg" server="gator2018.hostgator.com//public_html/fabiansistemas/" local="131602907260000000" remote="131758656000000000" Dst="0" />
<file name="portfolio-20-400x400.jpg" server="gator2018.hostgator.com//public_html/fabiansistemas/" local="131603751900000000" remote="131758656000000000" Dst="0" />
<file name="portfolio-5-600x800.jpg" server="gator2018.hostgator.com//public_html/fabiansistemas/" local="131603436940000000" remote="131758656000000000" Dst="0" />
<file name="portfolio-7-600x800.jpg" server="gator2018.hostgator.com//public_html/fabiansistemas/" local="131603436660000000" remote="131758656000000000" Dst="0" />
<file name="portfolio-6-600x800.jpg" server="gator2018.hostgator.com//public_html/fabiansistemas/" local="131603409820000000" remote="131758656000000000" Dst="0" />
<file name="portfolio-8-300x400.jpg" server="gator2018.hostgator.com//public_html/fabiansistemas/" local="131603407860000000" remote="131758656000000000" Dst="0" />
<file name="portfolio-9-300x400.jpg" server="gator2018.hostgator.com//public_html/fabiansistemas/" local="131603409400000000" remote="131758656000000000" Dst="0" />
<file name="profile-1-250x250.jpg" server="gator2018.hostgator.com//public_html/fabiansistemas/" local="131758741882478170" remote="131760258000000000" Dst="0" />
<file name="slider-2-1920x600.jpg" server="gator2018.hostgator.com//public_html/fabiansistemas/" local="131603735280000000" remote="131758656000000000" Dst="0" />
<file name="slider-3-1920x1080.jpg" server="gator2018.hostgator.com//public_html/fabiansistemas/" local="131603744720000000" remote="131758656000000000" Dst="0" />
<file name="slider-4-1920x600.jpg" server="gator2018.hostgator.com//public_html/fabiansistemas/" local="131603745980000000" remote="131758656000000000" Dst="0" />
<file name="slider-1-1920x1080.jpg" server="gator2018.hostgator.com//public_html/fabiansistemas/" local="131603734960000000" remote="131758656000000000" Dst="0" />
<file name="slider-5-1920x600.jpg" server="gator2018.hostgator.com//public_html/fabiansistemas/" local="131603746280000000" remote="131758656000000000" Dst="0" />
</dwsync>